{
  "routes": [
    {
      "route": "/api/*",
      "rewrite": "/api/{*path}"
    },
    {
      "route": "/*",
      "serve": "/index.html",
      "statusCode": 200
    }
  ],
  "navigationFallback": {
    "rewrite": "/index.html",
    "exclude": ["/images/*.{png,jpg,gif}", "/css/*", "/js/*", "/api/*"]
  },
  "responseOverrides": {
    "404": {
      "rewrite": "/index.html",
      "statusCode": 200
    }
  },
  "globalHeaders": {
    "X-Content-Type-Options": "nosniff",
    "X-Frame-Options": "DENY",
    "X-XSS-Protection": "1; mode=block",
    "Referrer-Policy": "strict-origin-when-cross-origin",
    "Permissions-Policy": "camera=(), microphone=(), geolocation=()"
  },
  "mimeTypes": {
    ".json": "application/json",
    ".js": "application/javascript",
    ".mjs": "application/javascript"
  },
  "platform": {
    "apiRuntime": "node:18"
  }
}