{
  "routes": [
    {
      "route": "/*",
      "serve": "/index.html",
      "statusCode": 200
    }
  ],
  "navigationFallback": {
    "rewrite": "/index.html",
    "exclude": ["/images/*.{png,jpg,gif}", "/css/*", "/js/*", "/assets/*"]
  },
  "responseOverrides": {
    "404": {
      "rewrite": "/index.html",
      "statusCode": 200
    }
  },
  "globalHeaders": {
    "Cache-Control": "no-cache",
    "X-Content-Type-Options": "nosniff",
    "X-Frame-Options": "DENY",
    "X-XSS-Protection": "1; mode=block",
    "Referrer-Policy": "strict-origin-when-cross-origin"
  },
  "mimeTypes": {
    ".json": "application/json",
    ".js": "application/javascript",
    ".mjs": "application/javascript",
    ".css": "text/css",
    ".html": "text/html"
  }
}